callsign,origin,destination,aircraft_type,time,cargo
AAL1251,KMSP,KDFW,A321,05:00,false
SWA2520,KMSP,KMDW,B38M,05:00,false
DAL1062,KMSP,KATL,B753,05:20,false
SWA3658,KMSP,KBWI,B738,05:25,false
UAL2041,KMSP,KDEN,B738,05:45,false
JIA5488,KMSP,KPHL,CRJ9,05:45,false
SWA1525,KMSP,KDEN,B38M,05:50,false
SCX1655,KMSP,KCMH,B738,06:00,false
UAL1246,KMSP,KEWR,B739,06:00,false
DAL1730,KMSP,KMCO,B739,06:00,false
AAL1870,KMSP,KMIA,A321,06:00,false
UAL307,KMSP,KORD,B739,06:00,false
SCX391,KMSP,KSFO,B738,06:00,false
AAL2150,KMSP,KDFW,B738,06:02,false
ASA387,KMSP,KSEA,B39M,06:03,false
DAL1461,KMSP,KDTW,A321,06:04,false
RPA4444,KMSP,KORD,E75L,06:04,false
SCX421,KMSP,KLAX,B738,06:05,false
SCX281,KMSP,KSEA,B738,06:10,false
AAL894,KMSP,KCLT,A319,06:19,false
SCX341,KMSP,KMCO,B738,06:25,false
SCX1981,KMSP,KBDL,B738,06:30,false
JIA5312,KMSP,KDCA,CRJ7,06:30,false
SCX265,KMSP,KPVD,B738,06:35,false
SCX213,KMSP,KTPA,B738,06:40,false
DAL2724,KMSP,KBNA,A321,06:55,false
SCX251,KMSP,KBOS,B738,06:55,false
DAL1827,KMSP,KCLT,BCS1,06:55,false
DAL2969,KMSP,KJFK,BCS1,06:55,false
EDV4867,KMSP,KMCI,CRJ7,06:55,false
EDV4712,KMSP,KMDW,CRJ7,06:55,false
DAL1766,KMSP,KPWM,B739,06:55,false
DAL1418,KMSP,KSEA,B739,06:55,false
DAL1039,KMSP,KATL,B739,07:00,false
SKW3950,KMSP,KAUS,E75L,07:00,false
DAL2649,KMSP,KBOS,A21N,07:00,false
DAL1675,KMSP,KDEN,A21N,07:00,false
SKW4103,KMSP,KMSN,CRJ9,07:00,false
DAL1544,KMSP,KORD,BCS3,07:00,false
DAL2783,KMSP,KRDU,A21N,07:00,false
SCX1835,KMSP,KSAT,B738,07:00,false
UAL1808,KMSP,KSFO,A319,07:00,false
SWA1528,KMSP,KBNA,B737,07:05,false
SCX233,KMSP,KEWR,B738,07:05,false
DAL2656,KMSP,KIAH,BCS1,07:05,false
DAL2261,KMSP,KLAS,B739,07:05,false
DAL2719,KMSP,KLGA,A321,07:05,false
EDV5286,KMSP,KSTL,CRJ9,07:05,false
DAL2007,KMSP,KBDL,A319,07:06,false
DAL2110,KMSP,KLAX,A21N,07:06,false
DAL2847,KMSP,KCLE,BCS1,07:08,false
DAL2357,KMSP,KBWI,BCS1,07:10,false
DAL2772,KMSP,KCMH,BCS1,07:10,false
DAL2864,KMSP,KEWR,A320,07:10,false
DAL2688,KMSP,KPHL,BCS1,07:10,false
SCX1419,KMSP,KRIC,B738,07:10,false
DAL954,KMSP,KCVG,A320,07:14,false
SCX567,KMSP,KJFK,B738,07:15,false
DAL2301,KMSP,KTPA,A321,07:15,false
SKW3699,KMSP,KIAD,E75L,07:17,false
SCX383,KMSP,KRSW,B738,07:20,false
SCX489,KMSP,KGPI,B738,07:25,false
DAL1047,KMSP,KPHX,B739,07:26,false
DAL845,KMSP,KPIT,BCS1,07:29,false
SCX1907,KMSP,KDTW,B738,07:30,false
UAL567,KMSP,KORD,B739,07:34,false
SCX651,KMSP,KDEN,B738,07:35,false
UAL2460,KMSP,KIAH,A319,07:35,false
DAL2958,KMSP,KDCA,BCS3,07:36,false
ASA1541,KMSP,PANC,B39M,07:40,false
SCX1775,KMSP,KPHL,B738,07:40,false
SKW4466,KMSP,KMKE,CRJ9,07:41,false
AAL3143,KMSP,KPHX,B38M,07:41,false
SWA2973,KMSP,KSTL,B737,07:45,false
DAL2972,KMSP,KDFW,BCS1,07:54,false
SCX1821,KMSP,KPWM,B738,07:55,false
SCX193,KMSP,KBWI,B738,08:00,false
JZA716,KMSP,CYYZ,CRJ9,08:00,false
AAL1395,KMSP,KDFW,B738,08:01,false
EDV4901,KMSP,KBTV,CRJ9,08:04,false
SCX1057,KMSP,KBUF,B738,08:05,false
SCX325,KMSP,KJAX,B738,08:10,false
DAL2628,KMSP,KSLC,B739,08:10,false
SCX103,KMSP,KLAS,B739,08:20,false
SKW3990,KMSP,KGRR,CRJ9,08:25,false
SCX667,KMSP,KIAD,B738,08:25,false
SKW3868,KMSP,CYYZ,CRJ9,08:25,false
DAL1052,KMSP,KATL,A321,08:26,false
DAL555,KMSP,PANC,B752,08:50,false
DAL2304,KMSP,KBOI,A320,08:50,false
DAL673,KMSP,KFLL,B753,08:50,false
DAL2456,KMSP,KIND,BCS1,08:50,false
EDV5142,KMSP,KOKC,CRJ7,08:50,false
SKW3831,KMSP,KOMA,CRJ9,08:50,false
DAL2121,KMSP,KSAN,A321,08:51,false
DAL1226,KMSP,KBZN,B739,08:55,false
DAL1881,KMSP,MMUN,A321,08:55,false
DAL2849,KMSP,KDEN,A321,08:55,false
EDV4998,KMSP,KDSM,CRJ9,08:55,false
SKW4329,KMSP,KGFK,CRJ7,08:55,false
DAL2129,KMSP,KMIA,B739,08:55,false
DAL3188,KMSP,KSTL,BCS1,08:55,false
DAL2181,KMSP,KAVL,BCS1,09:00,false
SKW4066,KMSP,KBIS,CRJ9,09:00,false
DAL1433,KMSP,KDTW,B752,09:00,false
SKW4239,KMSP,KESC,CRJ7,09:00,false
EDV5077,KMSP,KFAR,CRJ7,09:00,false
DAL2667,KMSP,KSAT,BCS1,09:00,false
EDV4988,KMSP,KSDF,CRJ7,09:00,false
UAL1891,KMSP,KDEN,B738,09:05,false
SKW3561,KMSP,KFSD,E75L,09:05,false
DAL2415,KMSP,KPDX,B752,09:05,false
DAL2400,KMSP,KRSW,B739,09:05,false
DAL868,KMSP,KSEA,B739,09:05,false
DAL2482,KMSP,CYVR,B739,09:05,false
SKW4089,KMSP,KCOS,CRJ9,09:07,false
SKW4229,KMSP,KHIB,CRJ7,09:10,false
SKW4245,KMSP,KINL,CRJ7,09:10,false
SKW3989,KMSP,KMEM,E75L,09:10,false
SKW4305,KMSP,KRHI,CRJ7,09:10,false
SKW3536,KMSP,KXNA,E75L,09:10,false
DAL2262,KMSP,KLAS,B752,09:13,false
DAL2895,KMSP,KEWR,BCS1,09:14,false
SKW4273,KMSP,KBRD,CRJ7,09:15,false
DAL611,KMSP,MMMX,A319,09:19,false
DAL2102,KMSP,KLAX,B753,09:20,false
DAL2078,KMSP,KSFO,A321,09:24,false
DAL1208,KMSP,KMCO,B753,09:27,false
DAL2208,KMSP,KPHX,B739,09:28,false
EDV4951,KMSP,KATW,CRJ7,09:32,false
SKW3971,KMSP,KRAP,CRJ9,09:33,false
SCX471,KMSP,PANC,B738,09:40,false
UAL1929,KMSP,KORD,B738,09:47,false
DAL2057,KMSP,KCLE,BCS1,10:00,false
DAL1567,KMSP,KORD,BCS3,10:00,false
EDV5063,KMSP,KRIC,CRJ7,10:00,false
SKW4261,KMSP,KXWA,CRJ7,10:00,false
DAL2970,KMSP,KDFW,A320,10:03,false
SKW3666,KMSP,KDLH,CRJ9,10:04,false
DAL2655,KMSP,KBOS,A321,10:05,false
DAL2764,KMSP,KLGA,A321,10:05,false
DAL561,KMSP,KMKE,BCS1,10:05,false
DAL2383,KMSP,KSJC,A320,10:05,false
DAL2696,KMSP,KTPA,B739,10:05,false
EDV4705,KMSP,KRST,CRJ9,10:07,false
SKW3920,KMSP,KGRB,CRJ9,10:09,false
DAL2062,KMSP,KAUS,A320,10:10,false
DAL312,KMSP,PHNL,A333,10:10,false
SKW4144,KMSP,KMOT,CRJ9,10:10,false
DAL1224,KMSP,KPVD,A319,10:10,false
SKW4102,KMSP,KMSN,CRJ9,10:12,false
DAL2550,KMSP,KCMH,BCS1,10:14,false
UAL1637,KMSP,KEWR,A319,10:14,false
EDV4899,KMSP,KCID,CRJ7,10:16,false
SKW3683,KMSP,CYWG,E75L,10:18,false
DAL1608,KMSP,KMCI,BCS1,10:20,false
DAL2521,KMSP,KRDU,BCS3,10:21,false
DAL2673,KMSP,KIAH,BCS3,10:24,false
DAL1701,KMSP,KSMF,B739,10:24,false
SKW3995,KMSP,KTVC,CRJ9,10:24,false
DAL2983,KMSP,KDCA,A319,10:25,false
SWA4345,KMSP,KMDW,B737,10:25,false
DAL2463,KMSP,KCHS,A320,10:30,false
DAL2819,KMSP,KCLT,BCS1,10:30,false
DAL1853,KMSP,KGEG,A320,10:30,false
ENY4162,KMSP,KORD,E170,10:31,false
DAL1046,KMSP,KATL,A321,10:32,false
AAL2152,KMSP,KDFW,B738,10:34,false
DAL2462,KMSP,KVPS,B739,10:35,false
SKW3838,KMSP,KOMA,E75L,10:39,false
DAL121,KMSP,RJTT,A359,10:40,false
LYM5111,KMSP,KIWD,E145,10:45,false
SWA342,KMSP,KAUS,B737,10:55,false
AAL2154,KMSP,KCLT,A319,10:56,false
DAL2927,KMSP,KDEN,A321,11:00,false
DAL2167,KMSP,KPDX,A321,11:00,false
DAL2074,KMSP,KSFO,B739,11:00,false
DAL2081,KMSP,KSNA,BCS1,11:00,false
SCX1951,KMSP,CYVR,B738,11:00,false
DAL2679,KMSP,KPHL,BCS3,11:09,false
EDV4992,KMSP,KBIS,CRJ9,11:10,false
DAL2238,KMSP,KLAS,B752,11:10,false
DAL889,KMSP,KSEA,B753,11:10,false
SKW3771,KMSP,KFAR,E75L,11:14,false
DAL2487,KMSP,CYYC,A321,11:20,false
EDV4820,KMSP,KMDW,CRJ7,11:28,false
DAL2119,KMSP,KLAX,A21N,11:30,false
UAL576,KMSP,KORD,B737,11:32,false
DAL2274,KMSP,KPHX,B752,11:32,false
UAL2232,KMSP,KDEN,A320,11:34,false
SWA4346,KMSP,KDEN,B738,11:35,false
SKW3534,KMSP,KFSD,CRJ9,11:38,false
DAL2125,KMSP,KSAN,A321,11:38,false
DAL2982,KMSP,KBOI,A320,11:39,false
DAL1241,KMSP,CYVR,A321,11:45,false
UAL1795,KMSP,KIAH,B39M,12:05,false
RPA3695,KMSP,KIAD,E75L,12:17,false
DAL2437,KMSP,KGEG,B739,12:19,false
SWA3743,KMSP,KMDW,B737,12:20,false
DAL2651,KMSP,KSLC,B739,12:29,false
DAL2575,KMSP,KGPI,A320,12:35,false
DAL1048,KMSP,KATL,B752,12:45,false
EDV4680,KMSP,KHPN,CRJ9,12:45,false
DAL2225,KMSP,KMCO,B753,12:45,false
DAL362,KMSP,KMSO,BCS1,12:45,false
DAL2695,KMSP,KMSY,A321,12:45,false
DAL402,KMSP,KRSW,B739,12:45,false
DAL2574,KMSP,KSAV,BCS1,12:45,false
DAL2843,KMSP,KBNA,B739,12:50,false
DAL2558,KMSP,KBOS,A321,12:50,false
DAL3113,KMSP,KCVG,BCS1,12:50,false
ENY3796,KMSP,KDCA,E75L,12:50,false
EDV5490,KMSP,KDSM,CRJ7,12:51,false
DAL2661,KMSP,KJFK,BCS1,12:54,false
DAL1519,KMSP,KDTW,B739,12:55,false
SKW3865,KMSP,KGRR,CRJ9,12:55,false
DAL2910,KMSP,KIND,B738,12:55,false
SKW4032,KMSP,KMSN,E75L,12:55,false
SKW3967,KMSP,KRAP,CRJ9,12:55,false
DAL2327,KMSP,KMYR,BCS1,12:56,false
DAL2392,KMSP,KJAX,A320,12:57,false
SKW4262,KMSP,KABR,CRJ7,13:00,false
SKW4283,KMSP,KBJI,CRJ7,13:00,false
DAL2756,KMSP,KLGA,B739,13:00,false
SKW4284,KMSP,KXWA,CRJ7,13:00,false
DAL1651,KMSP,KLAX,A21N,13:02,false
EDV4774,KMSP,KFAR,CRJ7,13:04,false
SKW4242,KMSP,KCIU,CRJ7,13:05,false
SKW4236,KMSP,KHIB,CRJ7,13:05,false
SKW5570,KMSP,KORD,E75L,13:08,false
JIA5658,KMSP,KPHL,CRJ9,13:08,false
SKW4330,KMSP,KGFK,CRJ7,13:10,false
SKW4266,KMSP,KINL,CRJ7,13:10,false
JZA850,KMSP,CYUL,CRJ9,13:10,false
EDV4971,KMSP,KPIT,CRJ9,13:12,false
FFT3199,KMSP,KDEN,A21N,13:16,false
DAL2946,KMSP,KBZN,B739,13:17,false
DAL2264,KMSP,KTPA,A321,13:19,false
SKW3595,KMSP,KICT,CRJ9,13:23,false
DAL1533,KMSP,KORD,BCS1,13:25,false
EDV5335,KMSP,KTYS,CRJ7,13:27,false
SCX919,KMSP,KRDU,B738,13:30,false
SKW3823,KMSP,CYWG,E75L,13:31,false
DAL171,KMSP,RKSI,A359,13:35,false
UAL1305,KMSP,KDEN,A320,13:36,false
SKW4167,KMSP,KSTL,CRJ9,13:36,false
AAL2153,KMSP,KCLT,A320,13:39,false
SCX345,KMSP,KMCO,B738,13:40,false
DAL1613,KMSP,KMCI,BCS1,13:45,false
SCX1947,KMSP,KCLT,B738,13:50,false
SWA2967,KMSP,KDEN,B38M,13:50,false
LYM5110,KMSP,KTVF,E145,13:50,false
DAL2006,KMSP,KMKE,BCS1,13:54,false
ENY3719,KMSP,KORD,E170,14:02,false
DAL2866,KMSP,KEWR,BCS1,14:10,false
SCX605,KMSP,KPHX,B738,14:10,false
SKW3861,KMSP,KATW,CRJ9,14:20,false
DAL1042,KMSP,KAUS,A21N,14:20,false
SCX633,KMSP,KBNA,B738,14:20,false
SKW3843,KMSP,KGRB,CRJ9,14:20,false
SKW4314,KMSP,KSAW,CRJ7,14:20,false
DAL2699,KMSP,KRDU,B739,14:20,false
DAL2580,KMSP,KSAT,BCS1,14:20,false
EDV5017,KMSP,KSDF,CRJ7,14:20,false
FFT3046,KMSP,KATL,A20N,14:24,false
DAL2594,KMSP,KPHL,BCS1,14:25,false
DAL2658,KMSP,KSLC,A21N,14:25,false
DAL2285,KMSP,KBDL,BCS1,14:26,false
DAL1025,KMSP,KDEN,A321,14:27,false
EDV4906,KMSP,KCID,CRJ7,14:28,false
SKW3783,KMSP,KIAD,CRJ9,14:30,false
SCX105,KMSP,KLAS,B738,14:30,false
SKW4012,KMSP,KXNA,E75L,14:34,false
SKW3538,KMSP,KFSD,CRJ9,14:36,false
DAL2963,KMSP,KDCA,BCS1,14:37,false
EDV4982,KMSP,KCWA,CRJ7,14:39,false
SKW3686,KMSP,KDLH,E75L,14:40,false
SCX407,KMSP,KSAN,B738,14:40,false
DAL2565,KMSP,KBWI,BCS3,14:41,false
DAL2644,KMSP,KIAH,BCS3,14:45,false
SKW3851,KMSP,KRAP,CRJ9,14:45,false
DAL2971,KMSP,KDFW,A320,14:47,false
AAL1750,KMSP,KPHX,B738,14:47,false
SCX425,KMSP,KLAX,B738,14:50,false
DAL1542,KMSP,KLAS,B739,14:51,false
DAL2284,KMSP,KPHX,B739,14:54,false
SKW4130,KMSP,KMOT,CRJ9,14:55,false
SCX1701,KMSP,KSLC,B738,14:55,false
WJA1531,KMSP,CYEG,B737,14:55,false
ASA555,KMSP,KSEA,B739,14:56,false
SCX285,KMSP,KSEA,B738,15:00,false
KLM656,KMSP,EHAM,B789,15:05,false
SCX395,KMSP,KSFO,B738,15:05,false
WJA1811,KMSP,CYYC,B38M,15:05,false
DAL756,KMSP,KSFO,A21N,15:07,false
SCX655,KMSP,KDEN,B738,15:10,false
AAL2145,KMSP,KDFW,B738,15:11,false
DAL2591,KMSP,KBOS,A21N,15:15,false
DAL2821,KMSP,KCLT,A319,15:15,false
SCX295,KMSP,KPDX,B738,15:15,false
SKW4473,KMSP,KRST,E75L,15:15,false
DAL877,KMSP,KSEA,A321,15:15,false
DAL3185,KMSP,KSTL,BCS1,15:15,false
SKW4147,KMSP,CYWG,E75L,15:15,false
UAL1531,KMSP,KORD,A319,15:16,false
SKW4270,KMSP,KIMT,CRJ7,15:20,false
DAL1630,KMSP,KMCI,BCS1,15:20,false
DAL1306,KMSP,KORD,BCS3,15:20,false
UAL1367,KMSP,KSFO,A320,15:20,false
SKW4080,KMSP,CYYZ,CRJ9,15:20,false
DAL1749,KMSP,KBUF,A320,15:22,false
SKW3935,KMSP,KBIS,E75L,15:25,false
SCX499,KMSP,KIND,B738,15:25,false
SKW3709,KMSP,KPIT,CRJ9,15:25,false
DAL2612,KMSP,KBNA,A321,15:29,false
SKW3948,KMSP,KOMA,CRJ9,15:29,false
DAL2732,KMSP,KLGA,B739,15:30,false
DAL1885,KMSP,KMCO,B752,15:30,false
EDV4915,KMSP,KTVC,CRJ9,15:30,false
DAL2113,KMSP,KCMH,BCS1,15:35,false
DAL1449,KMSP,KCLE,BCS1,15:39,false
EDV4913,KMSP,KDSM,CRJ9,15:40,false
SCX261,KMSP,KORD,B738,15:40,false
DAL1456,KMSP,KIND,B739,15:45,false
DAL2114,KMSP,KLAX,B739,15:45,false
SKW4063,KMSP,KMEM,E75L,15:45,false
DAL703,KMSP,KCVG,B739,15:50,false
SCX1879,KMSP,KRAP,B738,15:50,false
WEN3817,KMSP,CYQR,DH8D,15:50,false
OCN53,KMSP,EDDF,A333,15:55,false
SCX1925,KMSP,KTVC,B738,15:55,false
JZA720,KMSP,CYYZ,CRJ9,15:55,false
DAL1028,KMSP,KATL,A321,15:58,false
DAL2008,KMSP,KPDX,B739,15:58,false
DAL160,KMSP,EHAM,A359,16:00,false
SWA2962,KMSP,KBNA,B38M,16:00,false
SCX1913,KMSP,KGRR,B738,16:00,false
DAL1555,KMSP,KGRR,BCS1,16:02,false
RPA4727,KMSP,KORD,E75L,16:03,false
SCX219,KMSP,KCVG,B738,16:05,false
EDV4923,KMSP,KSDF,CRJ7,16:13,false
AAL2157,KMSP,KPHL,A319,16:14,false
DAL1476,KMSP,KDTW,A321,16:15,false
SWA2971,KMSP,KMDW,B738,16:15,false
DAL152,KMSP,LFPG,A333,16:30,false
SCX1491,KMSP,KCMH,B738,16:35,false
EDV4714,KMSP,KMDW,CRJ7,16:40,false
SKW4331,KMSP,KGFK,CRJ7,16:45,false
UAL2272,KMSP,KDEN,A319,16:51,false
EDV5331,KMSP,KMSN,CRJ7,16:51,false
ASA510,KMSP,KSEA,B739,16:57,false
SKW4462,KMSP,KMKE,E75L,16:58,false
EDV4782,KMSP,KFAR,CRJ7,16:59,false
RPA3678,KMSP,KIAD,E75L,17:05,false
FFT3223,KMSP,KDFW,A20N,17:09,false
UAL658,KMSP,KORD,A320,17:13,false
DAL1036,KMSP,KATL,B739,17:18,false
LYM5120,KMSP,KTVF,E145,17:30,false
DAL1435,KMSP,KDTW,A320,17:35,false
SWA2974,KMSP,KSTL,B738,17:40,false
UAL283,KMSP,KIAH,A319,17:42,false
DAL2130,KMSP,KORD,BCS1,17:45,false
JIA5416,KMSP,KDCA,CRJ7,17:46,false
AAL2151,KMSP,KCLT,A319,17:47,false
SKW4301,KMSP,KBRD,CRJ7,17:55,false
SKW4233,KMSP,KRHI,CRJ7,17:55,false
SWA2963,KMSP,KBWI,B38M,18:00,false
RPA4465,KMSP,KORD,E75L,18:02,false
DAL377,KMSP,PANC,B752,18:10,false
DAL1502,KMSP,KBOS,A321,18:10,false
DAL1055,KMSP,PAFA,B739,18:10,false
EDV5244,KMSP,KJFK,CRJ9,18:10,false
SKW4464,KMSP,KMKE,CRJ9,18:10,false
SKW3791,KMSP,KOKC,E75L,18:10,false
DAL730,KMSP,KABQ,BCS1,18:11,false
DAL2607,KMSP,KSLC,B739,18:13,false
SKW4299,KMSP,KATY,CRJ7,18:15,false
DAL2307,KMSP,KBIS,BCS1,18:15,false
DAL2278,KMSP,KFAR,A320,18:15,false
DAL2385,KMSP,KTPA,B752,18:15,false
ASA1434,KMSP,KPDX,B738,18:17,false
SKW3912,KMSP,KDLH,CRJ9,18:20,false
SKW4143,KMSP,KMOT,CRJ9,18:20,false
DAL2560,KMSP,KRNO,B738,18:20,false
UAL467,KMSP,KDEN,B738,18:23,false
SKW4024,KMSP,KOMA,CRJ9,18:25,false
DAL762,KMSP,KPSC,BCS1,18:25,false
DAL2107,KMSP,KSNA,BCS3,18:28,false
EIN88,KMSP,EIDW,A21N,18:30,false
SKW3578,KMSP,KFSD,CRJ9,18:30,false
DAL2087,KMSP,KSJC,BCS1,18:30,false
DAL2151,KMSP,KPDX,A21N,18:34,false
DAL2962,KMSP,KDCA,BCS3,18:35,false
DAL258,KMSP,EIDW,A332,18:35,false
DAL2773,KMSP,KSAT,BCS3,18:35,false
DAL1026,KMSP,KATL,A321,18:37,false
DAL2683,KMSP,KIAH,BCS1,18:40,false
DAL2485,KMSP,CYYC,A320,18:40,false
SKW5390,KMSP,KORD,E75L,18:41,false
DAL2977,KMSP,CYVR,A320,18:42,false
DAL2931,KMSP,KDEN,B739,18:45,false
DAL574,KMSP,KSMF,B739,18:45,false
DAL2297,KMSP,KPHX,B739,18:48,false
SKW3925,KMSP,KJAC,E75L,18:50,false
DAL2145,KMSP,KSAN,A321,18:50,false
DAL2809,KMSP,KSFO,A321,18:50,false
DAL2187,KMSP,KMIA,B739,18:53,false
DAL881,KMSP,KSEA,B739,18:55,false
DAL2246,KMSP,KLAS,B753,18:59,false
DAL2122,KMSP,KLAX,B753,18:59,false
SWA3063,KMSP,KDEN,B38M,19:00,false
AAL2148,KMSP,KDFW,B738,19:15,false
SWA4115,KMSP,KMDW,B738,19:15,false
DAL2268,KMSP,KRSW,A321,19:29,false
ICE656,KMSP,BIKF,B38M,19:30,false
DAL2749,KMSP,KAUS,A320,19:45,false
DAL2918,KMSP,KBWI,B739,19:45,false
DAL2309,KMSP,KMCO,B753,19:45,false
EDV5527,KMSP,KTYS,CRJ9,19:45,false
DAL1484,KMSP,KDTW,A320,19:46,false
DAL1032,KMSP,KATL,B752,19:49,false
DAL2967,KMSP,KDFW,A320,19:50,false
SKW4129,KMSP,KIAD,E75L,19:50,false
EDV5253,KMSP,KDSM,CRJ7,19:54,false
SKW3780,KMSP,KFWA,CRJ9,19:54,false
DAL162,KMSP,EHAM,A333,19:55,false
EDV5518,KMSP,KORF,CRJ7,19:55,false
DAL260,KMSP,BIKF,B752,19:58,false
DAL2733,KMSP,KLGA,B739,19:58,false
SKW3886,KMSP,KSBN,CRJ9,19:59,false
ASA532,KMSP,KSEA,B739,19:59,false
DAL2871,KMSP,KBDL,A321,20:00,false
AFR89,KMSP,LFPG,B772,20:00,false
DAL2097,KMSP,KSYR,A319,20:00,false
SKW3866,KMSP,CYYZ,CRJ9,20:02,false
SKW4035,KMSP,KMEM,E75L,20:05,false
DAL3075,KMSP,KPIT,BCS1,20:05,false
EDV5489,KMSP,CYUL,CRJ7,20:05,false
EDV4934,KMSP,KCWA,CRJ9,20:06,false
DAL2614,KMSP,KBOS,B752,20:09,false
SKW4264,KMSP,KABR,CRJ7,20:10,false
SKW3541,KMSP,KICT,CRJ9,20:10,false
DAL2929,KMSP,KCLT,BCS1,20:14,false
DAL1356,KMSP,KCMH,A320,20:15,false
DAL2846,KMSP,KEWR,BCS1,20:15,false
DAL1563,KMSP,KORD,BCS1,20:15,false
EDV5530,KMSP,KRIC,CRJ7,20:16,false
DAL1144,KMSP,KBNA,B739,20:20,false
DAL1469,KMSP,KCVG,A321,20:20,false
DAL298,KMSP,LIRF,A339,20:20,false
SKW4468,KMSP,KMKE,E75L,20:20,false
DAL1051,KMSP,KSLC,A321,20:20,false
DAL2703,KMSP,KPHL,B739,20:25,false
DAL2932,KMSP,KRDU,A321,20:25,false
DAL2961,KMSP,KDCA,A319,20:30,false
SKW4003,KMSP,KGRB,CRJ9,20:30,false
SKW4289,KMSP,KXWA,CRJ7,20:30,false
EDV5070,KMSP,KSDF,CRJ7,20:48,false
DAL1392,KMSP,KCLE,BCS1,20:51,false
SCX429,KMSP,KLAX,B738,20:55,false
DAL1657,KMSP,KMCI,BCS1,21:30,false
SKW4014,KMSP,KOMA,CRJ9,21:30,false
DAL2391,KMSP,KPDX,A21N,21:38,false
SKW3834,KMSP,KBIS,E75L,21:40,false
DAL2488,KMSP,KBOI,A320,21:40,false
EDV5290,KMSP,KCID,CRJ7,21:40,false
DAL1711,KMSP,KGRR,BCS3,21:40,false
DAL674,KMSP,KIND,B739,21:40,false
DAL2089,KMSP,KSFO,B739,21:40,false
EDV4920,KMSP,KATW,CRJ9,21:45,false
SKW4291,KMSP,KBJI,CRJ7,21:45,false
SKW4332,KMSP,KGFK,CRJ7,21:45,false
SKW3714,KMSP,KRAP,CRJ9,21:45,false
DAL2146,KMSP,KSAN,B739,21:47,false
SKW3907,KMSP,KDLH,E75L,21:49,false
DAL164,KMSP,EHAM,A339,21:50,false
SKW4154,KMSP,KMOT,CRJ9,21:50,false
DAL1609,KMSP,KSTL,BCS1,21:50,false
DAL2610,KMSP,KMSO,A320,21:52,false
SKW3656,KMSP,CYWG,E75L,21:54,false
EDV4907,KMSP,KRST,CRJ7,21:55,false
DAL2418,KMSP,KGEG,B739,21:59,false
DAL2103,KMSP,KLAX,A21N,21:59,false
DAL1599,KMSP,KMSN,B739,21:59,false
DAL1694,KMSP,KFSD,A319,22:05,false
DAL505,KMSP,KSEA,B753,22:08,false
DAL411,KMSP,PANC,B752,22:13,false
DAL1705,KMSP,KDEN,A321,22:15,false
FFT1149,KMSP,KDEN,A20N,22:15,false
DAL2941,KMSP,KBIL,A321,22:20,false
DAL2954,KMSP,KBZN,B739,22:23,false
DAL2295,KMSP,KFAR,A321,22:46,false
DAL10,KMSP,EGLL,A339,23:10,false
DAL2359,KPDX,KMSP,A21N,05:49,false
SKW3930,KDLH,KMSP,E75L,06:02,false
EDV4702,KRST,KMSP,CRJ7,06:04,false
DAL2084,KLAX,KMSP,B753,06:07,false
DAL2789,KSFO,KMSP,B739,06:09,false
DAL2237,KFAR,KMSP,A320,06:10,false
SKW3840,KFSD,KMSP,CRJ9,06:14,false
SKW4328,KGFK,KMSP,CRJ7,06:21,false
SKW3914,KBIS,KMSP,E75L,06:31,false
SKW4158,KMOT,KMSP,CRJ9,06:35,false
DAL1357,KCLE,KMSP,BCS1,07:04,false
DAL2752,KCVG,KMSP,A321,07:05,false
DAL1274,KMSN,KMSP,B739,07:08,false
EDV4995,KATW,KMSP,CRJ9,07:17,false
DAL2791,KPHL,KMSP,B739,07:20,false
SKW3864,KOMA,KMSP,CRJ9,07:21,false
SKW4292,KRHI,KMSP,CRJ7,07:31,false
SKW4140,KGRB,KMSP,CRJ9,07:32,false
DAL2913,KGRR,KMSP,BCS3,07:32,false
DAL1193,KDCA,KMSP,A319,07:35,false
SKW4336,KBRD,KMSP,CRJ7,07:40,false
SKW4296,KXWA,KMSP,CRJ7,07:41,false
SKW4238,KABR,KMSP,CRJ7,07:44,false
DAL2538,KRDU,KMSP,A321,07:46,false
DAL2757,KIND,KMSP,B739,07:49,false
SKW4303,KBJI,KMSP,CRJ7,07:50,false
DAL1746,KDTW,KMSP,B752,07:53,false
SKW3996,KIAD,KMSP,E75L,07:53,false
DAL2510,KLGA,KMSP,B739,07:53,false
DAL2872,KBWI,KMSP,B739,07:54,false
DAL1635,KMCI,KMSP,BCS1,07:54,false
SKW4073,CYYZ,KMSP,CRJ9,07:54,false
SKW4460,KMKE,KMSP,CRJ9,07:55,false
SKW3835,KSBN,KMSP,CRJ9,07:55,false
DAL2848,KPIT,KMSP,BCS1,07:56,false
DAL1597,KSTL,KMSP,BCS1,07:56,false
SKW4298,KATY,KMSP,CRJ7,07:57,false
EDV4928,KSDF,KMSP,CRJ7,07:58,false
DAL2491,KCLT,KMSP,BCS1,07:59,false
SKW3702,KFWA,KMSP,CRJ9,07:59,false
SKW4251,KCIU,KMSP,CRJ7,08:01,false
DAL2403,KCMH,KMSP,A320,08:01,false
DAL2303,KBOS,KMSP,A321,08:04,false
EDV5248,KCID,KMSP,CRJ7,08:04,false
DAL1717,KORD,KMSP,BCS1,08:04,false
DAL2221,KBNA,KMSP,B739,08:10,false
EDV5523,KTYS,KMSP,CRJ9,08:10,false
DAL1641,KEWR,KMSP,BCS1,08:13,false
SKW3660,CYWG,KMSP,E75L,08:13,false
SKW3899,KMEM,KMSP,E75L,08:14,false
EDV5384,KCWA,KMSP,CRJ9,08:18,false
DAL2452,KFAR,KMSP,A321,08:19,false
EDV5402,KDSM,KMSP,CRJ7,08:20,false
EDV5344,KRIC,KMSP,CRJ7,08:35,false
SCX250,KBOS,KMSP,B738,08:39,false
UAL2232,KORD,KMSP,B738,08:41,false
EDV5427,CYUL,KMSP,CRJ7,08:57,false
DAL2717,KSAT,KMSP,BCS3,08:59,false
DAL2668,KATL,KMSP,A321,09:00,false
DAL1242,KAUS,KMSP,A320,09:00,false
DAL1129,KDEN,KMSP,B739,09:00,false
DAL2834,KSYR,KMSP,A319,09:07,false
DAL2808,KBOI,KMSP,A320,09:10,false
SKW3922,KDLH,KMSP,CRJ9,09:10,false
DAL1678,KBZN,KMSP,B739,09:11,false
DAL1050,KIAH,KMSP,BCS1,09:13,false
UAL2183,KEWR,KMSP,A319,09:18,false
SKW3542,KICT,KMSP,CRJ9,09:20,false
DAL1138,KBOS,KMSP,A21N,09:22,false
DAL1276,KDFW,KMSP,A320,09:23,false
DAL1493,KDCA,KMSP,BCS3,09:25,false
DAL2390,KJFK,KMSP,BCS1,09:25,false
DAL1056,KMIA,KMSP,B739,09:25,false
SKW4136,KMOT,KMSP,CRJ9,09:25,false
LYM5107,KTVF,KMSP,E145,09:25,false
DAL1250,KMCO,KMSP,B753,09:26,false
SKW4458,KMKE,KMSP,E75L,09:26,false
EDV5464,KORF,KMSP,CRJ7,09:26,false
DAL2254,KBIL,KMSP,A321,09:27,false
DAL2446,KBIS,KMSP,BCS1,09:28,false
DAL2907,KMSO,KMSP,A320,09:28,false
DAL1330,KBDL,KMSP,A321,09:29,false
SKW3927,KRAP,KMSP,CRJ9,09:29,false
DAL1006,KFSD,KMSP,A319,09:30,false
SKW3512,KOMA,KMSP,CRJ9,09:30,false
DAL2219,KRSW,KMSP,A321,09:30,false
AAL2152,KDFW,KMSP,B738,09:41,false
SWA3961,KSTL,KMSP,B737,09:45,false
DAL2473,KLGA,KMSP,B739,09:53,false
DAL2258,KDTW,KMSP,A321,09:54,false
SKW3844,KOKC,KMSP,E75L,09:58,false
ENY4162,KORD,KMSP,E170,10:01,false
DAL1554,KORD,KMSP,BCS3,10:02,false
DAL2263,KTPA,KMSP,B752,10:02,false
AAL2154,KCLT,KMSP,A319,10:04,false
SKW4103,KMSN,KMSP,CRJ9,10:10,false
SWA2160,KBNA,KMSP,B737,10:15,false
DAL2960,KATL,KMSP,A321,10:18,false
DAL2492,CYYC,KMSP,A320,10:18,false
SKW3931,KJAC,KMSP,E75L,10:26,false
DAL1308,KBOS,KMSP,B752,10:27,false
DAL1578,KGPI,KMSP,A321,10:30,false
EDV5325,KSTL,KMSP,CRJ9,10:30,false
RPA3649,KIAD,KMSP,E75L,10:36,false
UAL2805,KORD,KMSP,B737,10:36,false
UAL773,KDEN,KMSP,A320,10:38,false
EDV4867,KMCI,KMSP,CRJ7,10:48,false
UAL2469,KIAH,KMSP,B39M,10:53,false
SWA3420,KDEN,KMSP,B738,10:55,false
SKW4466,KMKE,KMSP,CRJ9,10:57,false
DAL261,BIKF,KMSP,B752,11:02,false
DAL2369,KPDX,KMSP,B739,11:14,false
DAL2875,CYVR,KMSP,A320,11:21,false
DAL161,EHAM,KMSP,A359,11:22,false
DAL1282,KLAS,KMSP,B753,11:22,false
DAL943,KSEA,KMSP,B739,11:24,false
DAL2916,KSLC,KMSP,B739,11:29,false
DAL2090,KATL,KMSP,A321,11:30,false
DAL2178,KSFO,KMSP,A321,11:36,false
EDV5469,KMDW,KMSP,CRJ7,11:37,false
DAL2229,KSMF,KMSP,B739,11:38,false
SWA2869,KMDW,KMSP,B737,11:45,false
DAL2847,KCLE,KMSP,BCS1,11:49,false
DAL2987,KRNO,KMSP,B738,11:49,false
DAL2553,KPHX,KMSP,B739,11:50,false
SKW4273,KBRD,KMSP,CRJ7,11:52,false
DAL1615,KGEG,KMSP,B739,11:52,false
DAL792,KLAX,KMSP,A21N,11:52,false
SKW4305,KRHI,KMSP,CRJ7,11:54,false
DAL2772,KCMH,KMSP,BCS1,11:55,false
DAL954,KCVG,KMSP,A320,11:56,false
DAL2156,KSJC,KMSP,BCS1,11:59,false
DAL2622,KPSC,KMSP,BCS1,12:01,false
SKW3561,KFSD,KMSP,E75L,12:03,false
DAL535,KABQ,KMSP,BCS1,12:04,false
DAL2134,KSAN,KMSP,B739,12:04,false
EDV4998,KDSM,KMSP,CRJ9,12:05,false
SCX1908,KDTW,KMSP,B738,12:05,false
SKW4229,KHIB,KMSP,CRJ7,12:06,false
EDV5077,KFAR,KMSP,CRJ7,12:10,false
DAL2724,KBNA,KMSP,A321,12:14,false
DAL1675,KDEN,KMSP,A21N,12:14,false
SKW3990,KGRR,KMSP,CRJ9,12:14,false
SKW4239,KESC,KMSP,CRJ7,12:15,false
SKW4329,KGFK,KMSP,CRJ7,12:15,false
SKW4288,KIMT,KMSP,CRJ7,12:15,false
SKW4245,KINL,KMSP,CRJ7,12:15,false
SKW3831,KOMA,KMSP,CRJ9,12:15,false
SKW5684,KORD,KMSP,E75L,12:17,false
ENY3796,KDCA,KMSP,E75L,12:20,false
FFT1150,KDEN,KMSP,A21N,12:21,false
KLM655,EHAM,KMSP,B789,12:25,false
EDV4705,KRST,KMSP,CRJ9,12:31,false
DAL845,KPIT,KMSP,BCS1,12:35,false
JIA5658,KPHL,KMSP,CRJ9,12:38,false
SCX652,KDEN,KMSP,B738,12:40,false
UAL397,KDEN,KMSP,A320,12:40,false
SKW3813,KAUS,KMSP,E75L,12:41,false
EDV4951,KATW,KMSP,CRJ7,12:43,false
AAL2153,KCLT,KMSP,A320,12:54,false
SKW3666,KDLH,KMSP,CRJ9,12:54,false
DAL3188,KSTL,KMSP,BCS1,12:55,false
SKW4066,KBIS,KMSP,CRJ9,12:56,false
DAL1827,KCLT,KMSP,BCS1,13:00,false
DAL2456,KIND,KMSP,BCS1,13:04,false
SCX1058,KBUF,KMSP,B738,13:10,false
SWA3973,KDEN,KMSP,B38M,13:10,false
DAL2697,KDTW,KMSP,B739,13:10,false
DAL2409,KLGA,KMSP,A321,13:10,false
DAL2357,KBWI,KMSP,BCS1,13:11,false
DAL153,LFPG,KMSP,A333,13:12,false
LYM5115,KIWD,KMSP,E145,13:15,false
SCX266,KPVD,KMSP,B738,13:18,false
DAL2519,KRDU,KMSP,A21N,13:20,false
DAL2688,KPHL,KMSP,BCS1,13:21,false
EDV4899,KCID,KMSP,CRJ7,13:25,false
WJA1530,CYEG,KMSP,B737,13:25,false
SKW3920,KGRB,KMSP,CRJ9,13:26,false
DAL561,KMKE,KMSP,BCS1,13:26,false
SCX1420,KRIC,KMSP,B738,13:29,false
ENY3375,KORD,KMSP,E170,13:32,false
SKW4102,KMSN,KMSP,CRJ9,13:33,false
DAL2007,KBDL,KMSP,A319,13:34,false
DAL120,RJTT,KMSP,A359,13:35,false
SKW3699,KIAD,KMSP,E75L,13:35,false
DAL2656,KIAH,KMSP,BCS1,13:36,false
SCX234,KEWR,KMSP,B738,13:38,false
SKW3971,KRAP,KMSP,CRJ9,13:38,false
FFT3045,KATL,KMSP,A20N,13:39,false
DAL2185,KSNA,KMSP,BCS3,13:39,false
DAL2958,KDCA,KMSP,BCS3,13:41,false
DAL799,KLAX,KMSP,A21N,13:42,false
SKW3836,CYYZ,KMSP,CRJ9,13:42,false
DAL1730,KMCO,KMSP,B739,13:43,false
DAL2972,KDFW,KMSP,BCS1,13:44,false
DAL2864,KEWR,KMSP,A320,13:45,false
SCX252,KBOS,KMSP,B738,13:47,false
EDV4988,KSDF,KMSP,CRJ7,13:48,false
SKW3536,KXNA,KMSP,E75L,13:48,false
EDV5142,KOKC,KMSP,CRJ7,13:49,false
DAL1766,KPWM,KMSP,B739,13:49,false
DAL2901,KATL,KMSP,A321,13:50,false
DAL2414,KJFK,KMSP,BCS1,13:50,false
SCX490,KGPI,KMSP,B738,13:53,false
AAL1750,KPHX,KMSP,B738,13:54,false
ASA555,KSEA,KMSP,B739,13:57,false
SCX194,KBWI,KMSP,B738,14:00,false
OCN52,EDDF,KMSP,A333,14:00,false
DAL1103,KBOS,KMSP,A21N,14:02,false
SCX568,KJFK,KMSP,B738,14:04,false
WEN3824,CYQR,KMSP,DH8D,14:05,false
WJA1810,CYYC,KMSP,B38M,14:05,false
SCX1776,KPHL,KMSP,B738,14:06,false
SCX342,KMCO,KMSP,B738,14:07,false
DAL2849,KDEN,KMSP,A321,14:08,false
DAL1567,KORD,KMSP,BCS3,14:10,false
DAL2017,KBOI,KMSP,A320,14:11,false
DAL1608,KMCI,KMSP,BCS1,14:12,false
SKW4144,KMOT,KMSP,CRJ9,14:12,false
SKW3995,KTVC,KMSP,CRJ9,14:14,false
SCX214,KTPA,KMSP,B738,14:15,false
DAL447,PANC,KMSP,B752,14:18,false
SKW3871,CYWG,KMSP,E75L,14:18,false
AAL2145,KDFW,KMSP,B738,14:19,false
UAL2749,KORD,KMSP,A319,14:20,false
SKW3989,KMEM,KMSP,E75L,14:22,false
SCX668,KIAD,KMSP,B738,14:23,false
DAL536,KSEA,KMSP,B739,14:24,false
UAL283,KSFO,KMSP,A320,14:24,false
SKW4261,KXWA,KMSP,CRJ7,14:24,false
SKW4089,KCOS,KMSP,CRJ9,14:29,false
SCX422,KLAX,KMSP,B738,14:30,false
DAL259,EIDW,KMSP,A332,14:33,false
SKW3771,KFAR,KMSP,E75L,14:34,false
SCX282,KSEA,KMSP,B738,14:38,false
DAL630,KLAS,KMSP,B739,14:39,false
DAL163,EHAM,KMSP,A333,14:40,false
DAL2924,KSLC,KMSP,B739,14:40,false
DAL1226,KBZN,KMSP,B739,14:44,false
SKW3534,KFSD,KMSP,CRJ9,14:44,false
DAL2181,KAVL,KMSP,BCS1,14:45,false
EDV4931,KBTV,KMSP,CRJ9,14:45,false
DAL2057,KCLE,KMSP,BCS1,14:45,false
DAL1047,KPHX,KMSP,B739,14:45,false
SCX392,KSFO,KMSP,B738,14:47,false
SCX1822,KPWM,KMSP,B738,14:53,false
DAL2301,KTPA,KMSP,A321,14:53,false
EDV4992,KBIS,KMSP,CRJ9,15:00,false
SCX326,KJAX,KMSP,B738,15:00,false
SKW3848,KOMA,KMSP,E75L,15:02,false
DAL2550,KCMH,KMSP,BCS1,15:07,false
DAL2877,KDEN,KMSP,A321,15:10,false
RPA3576,KIAD,KMSP,E75L,15:11,false
DAL9,EGLL,KMSP,A339,15:15,false
JZA719,CYYZ,KMSP,CRJ9,15:15,false
SWA1016,KBWI,KMSP,B38M,15:20,false
RPA4727,KORD,KMSP,E75L,15:29,false
EDV4820,KMDW,KMSP,CRJ7,15:33,false
AAL2157,KPHL,KMSP,A319,15:34,false
SWA364,KAUS,KMSP,B738,15:35,false
SCX384,KRSW,KMSP,B739,15:44,false
SCX104,KLAS,KMSP,B739,15:49,false
UAL1068,KEWR,KMSP,A319,15:55,false
SKW4283,KBJI,KMSP,CRJ7,15:57,false
ASA1429,KPDX,KMSP,B739,15:58,false
EDV5490,KDSM,KMSP,CRJ7,16:00,false
SKW4032,KMSN,KMSP,E75L,16:01,false
DAL117,EKCH,KMSP,A339,16:03,false
DAL2825,KATL,KMSP,B739,16:06,false
FFT3224,KDFW,KMSP,A20N,16:08,false
SKW4262,KABR,KMSP,CRJ7,16:09,false
EDV4774,KFAR,KMSP,CRJ7,16:11,false
UAL2298,KORD,KMSP,A320,16:13,false
EDV5063,KRIC,KMSP,CRJ7,16:19,false
DAL2062,KAUS,KMSP,A320,16:35,false
DAL165,EHAM,KMSP,A339,16:38,false
DAL2819,KCLT,KMSP,BCS1,16:44,false
DAL2521,KRDU,KMSP,BCS3,16:44,false
LYM5112,KTVF,KMSP,E145,16:45,false
UAL732,KDEN,KMSP,A319,16:46,false
DAL2863,KDCA,KMSP,A319,16:49,false
DAL413,KLAX,KMSP,A21N,16:50,false
DAL1224,KPVD,KMSP,A319,16:50,false
SKW3865,KGRR,KMSP,CRJ9,16:51,false
SKW4236,KHIB,KMSP,CRJ7,16:54,false
DAL2272,KLAS,KMSP,B752,16:54,false
DAL2208,KPHX,KMSP,B739,16:55,false
EIN89,EIDW,KMSP,A21N,17:00,false
SWA2832,KMDW,KMSP,B738,17:00,false
DAL2415,KPDX,KMSP,B752,17:01,false
SKW4266,KINL,KMSP,CRJ7,17:03,false
DAL2400,KRSW,KMSP,B739,17:04,false
DAL1127,KBOS,KMSP,A321,17:05,false
SWA1638,KDEN,KMSP,B38M,17:05,false
DAL2349,KLGA,KMSP,A321,17:06,false
AAL2151,KCLT,KMSP,A319,17:07,false
SKW3967,KRAP,KMSP,CRJ9,17:07,false
DAL2895,KEWR,KMSP,BCS1,17:08,false
DAL2463,KCHS,KMSP,A320,17:10,false
DAL2912,KIND,KMSP,B738,17:10,false
DAL2203,KDTW,KMSP,A320,17:12,false
UAL2150,KIAH,KMSP,B738,17:12,false
DAL2462,KVPS,KMSP,B739,17:12,false
JIA5416,KDCA,KMSP,CRJ7,17:15,false
DAL2981,KATL,KMSP,B739,17:16,false
DAL2528,KSAT,KMSP,BCS1,17:16,false
SKW4330,KGFK,KMSP,CRJ7,17:19,false
ASA509,KSEA,KMSP,B738,17:19,false
DAL2006,KMKE,KMSP,BCS1,17:21,false
SKW4284,KXWA,KMSP,CRJ7,17:25,false
DAL2678,KIAH,KMSP,BCS3,17:26,false
EDV4693,KHPN,KMSP,CRJ9,17:27,false
SKW3686,KDLH,KMSP,E75L,17:28,false
DAL1853,KGEG,KMSP,A320,17:29,false
SKW3526,CYWG,KMSP,E75L,17:30,false
DAL2483,CYVR,KMSP,B739,17:31,false
DAL3113,KCVG,KMSP,BCS1,17:32,false
RPA4425,KORD,KMSP,E75L,17:32,false
DAL2936,KSLC,KMSP,A321,17:32,false
SKW3843,KGRB,KMSP,CRJ9,17:34,false
EDV4906,KCID,KMSP,CRJ7,17:35,false
SKW3538,KFSD,KMSP,CRJ9,17:37,false
SKW4295,KSAW,KMSP,CRJ7,17:37,false
DAL2679,KPHL,KMSP,BCS3,17:37,false
DAL941,KSEA,KMSP,B739,17:37,false
SKW4167,KSTL,KMSP,CRJ9,17:37,false
DAL2696,KTPA,KMSP,B739,17:38,false
DAL673,KFLL,KMSP,B753,17:39,false
DAL1208,KMCO,KMSP,B753,17:39,false
SKW3861,KATW,KMSP,CRJ9,17:40,false
EDV4982,KCWA,KMSP,CRJ7,17:40,false
SKW3595,KICT,KMSP,CRJ9,17:40,false
DAL1613,KMCI,KMSP,BCS1,17:40,false
DAL2129,KMIA,KMSP,B739,17:40,false
DAL1533,KORD,KMSP,BCS1,17:40,false
EDV5249,KPIT,KMSP,CRJ9,17:40,false
SKW4473,KRST,KMSP,E75L,17:40,false
DAL2121,KSAN,KMSP,A321,17:40,false
AFR88,LFPG,KMSP,B772,17:50,false
SCX504,KDFW,KMSP,B738,17:53,false
SKW5871,KORD,KMSP,E75L,17:53,false
DAL2900,KDFW,KMSP,A320,18:03,false
DAL914,KLAX,KMSP,B753,18:11,false
DAL2489,CYYC,KMSP,A321,18:12,false
DAL2843,KBNA,KMSP,B739,18:14,false
DAL2654,KATL,KMSP,B752,18:18,false
DAL2078,KSFO,KMSP,A321,18:19,false
SWA1639,KDEN,KMSP,B38M,18:20,false
ICE657,BIKF,KMSP,B38M,18:20,false
DAL170,RKSI,KMSP,A359,18:21,false
AAL2148,KDFW,KMSP,B738,18:23,false
DAL1878,MMUN,KMSP,A321,18:30,false
DAL2061,KSNA,KMSP,BCS1,18:33,false
SWA4643,KMDW,KMSP,B738,18:35,false
DAL2982,KBOI,KMSP,A320,18:37,false
DAL2238,KLAS,KMSP,B752,18:42,false
DAL2383,KSJC,KMSP,A320,18:44,false
UAL2470,KDEN,KMSP,A319,18:46,false
DAL1701,KSMF,KMSP,B739,18:48,false
SKW3851,KRAP,KMSP,CRJ9,18:53,false
SKW4130,KMOT,KMSP,CRJ9,18:57,false
DAL2274,KPHX,KMSP,B752,19:00,false
ASA527,KSEA,KMSP,B739,19:00,false
DAL2167,KPDX,KMSP,A321,19:03,false
SKW3948,KOMA,KMSP,CRJ9,19:04,false
DAL362,KMSO,KMSP,BCS1,19:05,false
DAL1842,KDTW,KMSP,A320,19:07,false
SKW4012,KXNA,KMSP,E75L,19:09,false
EDV5017,KSDF,KMSP,CRJ7,19:12,false
SKW3935,KBIS,KMSP,E75L,19:13,false
DAL2946,KBZN,KMSP,B739,19:13,false
EDV5020,KDSM,KMSP,CRJ9,19:13,false
EDV4915,KTVC,KMSP,CRJ9,19:14,false
SKW4005,CYWG,KMSP,E75L,19:14,false
DAL2271,KDEN,KMSP,A321,19:15,false
DAL2575,KGPI,KMSP,A320,19:15,false
DAL2437,KGEG,KMSP,B739,19:15,false
DAL1630,KMCI,KMSP,BCS1,19:15,false
DAL2695,KMSY,KMSP,A321,19:15,false
DAL2574,KSAV,KMSP,BCS1,19:15,false
DAL3185,KSTL,KMSP,BCS1,19:15,false
DAL605,MMMX,KMSP,A319,19:22,false
DAL2327,KMYR,KMSP,BCS1,19:29,false
SCX634,KBNA,KMSP,B738,19:30,false
EDV5480,KMSN,KMSP,CRJ7,19:30,false
DAL1306,KORD,KMSP,BCS3,19:31,false
SCX1926,KTVC,KMSP,B738,19:39,false
JZA721,CYYZ,KMSP,CRJ9,19:40,false
SCX920,KRDU,KMSP,B738,19:41,false
SCX500,KIND,KMSP,B738,19:47,false
DAL942,KSEA,KMSP,B753,19:54,false
SCX1914,KGRR,KMSP,B738,19:55,false
SCX1880,KRAP,KMSP,B738,19:56,false
DAL1555,KGRR,KMSP,BCS1,19:57,false
DAL2392,KJAX,KMSP,A320,19:59,false
SCX1948,KCLT,KMSP,B738,20:08,false
EDV4803,KTYS,KMSP,CRJ7,20:08,false
EDV4782,KFAR,KMSP,CRJ7,20:09,false
SCX656,KDEN,KMSP,B738,20:17,false
SCX262,KORD,KMSP,B738,20:17,false
DAL2366,CYVR,KMSP,A321,20:18,false
DAL1456,KIND,KMSP,B739,20:20,false
SCX1982,KBDL,KMSP,B738,20:21,false
DAL1098,KBOS,KMSP,A321,20:21,false
DAL1661,KPDX,KMSP,A21N,20:22,false
DAL2113,KCMH,KMSP,BCS1,20:27,false
SKW4462,KMKE,KMSP,E75L,20:29,false
DAL2617,KIAH,KMSP,BCS3,20:32,false
DAL1449,KCLE,KMSP,BCS1,20:37,false
DAL703,KCVG,KMSP,B739,20:41,false
SKW4331,KGFK,KMSP,CRJ7,20:43,false
DAL2015,KLGA,KMSP,B739,20:43,false
DAL2699,KRDU,KMSP,B739,20:48,false
SKW3709,KPIT,KMSP,CRJ9,20:50,false
DAL402,KRSW,KMSP,B739,20:50,false
EDV4713,KMDW,KMSP,CRJ7,20:51,false
DAL1751,KBUF,KMSP,A320,20:52,false
DAL2963,KDCA,KMSP,BCS1,20:52,false
DAL2594,KPHL,KMSP,BCS1,20:53,false
DAL1042,KAUS,KMSP,A21N,20:54,false
SCX220,KCVG,KMSP,B738,20:54,false
DAL2935,KSLC,KMSP,A21N,20:54,false
SKW3829,CYYZ,KMSP,CRJ9,20:54,false
SKW3783,KIAD,KMSP,CRJ9,20:56,false
EDV4933,KJFK,KMSP,CRJ9,20:56,false
DAL2612,KBNA,KMSP,A321,20:58,false
DAL2191,KSAN,KMSP,A321,20:58,false
DAL2675,KSAT,KMSP,BCS1,20:58,false
DAL2198,KLAX,KMSP,A21N,20:59,false
SKW4063,KMEM,KMSP,E75L,20:59,false
DAL555,PANC,KMSP,B752,21:00,false
DAL2285,KBDL,KMSP,BCS1,21:00,false
DAL2565,KBWI,KMSP,BCS3,21:00,false
DAL2820,KCLT,KMSP,A319,21:00,false
DAL2873,KDFW,KMSP,A320,21:00,false
DAL1303,KDTW,KMSP,A321,21:00,false
DAL2866,KEWR,KMSP,BCS1,21:00,false
DAL2225,KMCO,KMSP,B753,21:00,false
DAL2159,KSFO,KMSP,B739,21:00,false
EDV4923,KSDF,KMSP,CRJ7,21:07,false
DAL2264,KTPA,KMSP,A321,21:17,false
AAL2806,KDFW,KMSP,B738,21:21,false
SCX346,KMCO,KMSP,B738,21:23,false
SCX1700,KSLC,KMSP,B738,21:23,false
JZA851,CYUL,KMSP,CRJ9,21:23,false
SCX1492,KCMH,KMSP,B738,21:24,false
SCX606,KPHX,KMSP,B738,21:25,false
SCX1836,KSAT,KMSP,B738,21:25,false
FFT1292,KDEN,KMSP,A20N,21:27,false
DAL1220,KDEN,KMSP,A321,21:34,false
DAL1280,KATL,KMSP,B752,21:38,false
UAL2005,KORD,KMSP,B39M,21:41,false
UAL2076,KDEN,KMSP,B738,21:50,false
JIA5506,KDCA,KMSP,CRJ7,21:54,false
UAL648,KSFO,KMSP,A319,21:57,false
SCX472,PANC,KMSP,B738,21:58,false
JIA5460,KPHL,KMSP,CRJ9,22:01,false
SCX106,KLAS,KMSP,B738,22:03,false
SWA2677,KDEN,KMSP,B737,22:10,false
DAL2130,KORD,KMSP,BCS1,22:12,false
DAL2284,KPHX,KMSP,B739,22:29,false
DAL1542,KLAS,KMSP,B739,22:31,false
SCX408,KSAN,KMSP,B738,23:06,false
UAL1131,KORD,KMSP,B739,23:10,false
SCX296,KPDX,KMSP,B738,23:11,false
SCX426,KLAX,KMSP,B738,23:12,false
SWA4085,KMDW,KMSP,B737,23:20,false
SWA4880,KSTL,KMSP,B738,23:20,false
AAL2176,KCLT,KMSP,A319,23:22,false
SCX286,KSEA,KMSP,B738,23:25,false
UAL2378,KIAH,KMSP,A319,23:29,false
DAL949,KSEA,KMSP,A321,23:30,false
DAL1885,KMCO,KMSP,B752,23:38,false
SCX396,KSFO,KMSP,B738,23:54,false
SWA863,KBWI,KMSP,B38M,23:55,false
DAL2647,KSAN,KMSP,A321,23:56,false
DAL756,KSFO,KMSP,A21N,23:56,false
AAL3149,KDFW,KMSP,B738,23:57,false
AAL3142,KPHX,KMSP,B38M,23:58,false
UAL667,KDEN,KMSP,B738,23:59,false
UAL1331,KEWR,KMSP,B739,23:59,false
ASA386,KSEA,KMSP,B739,23:59,false
